ID,Nombre,Apellido,Dirección,Código Postal,Email,Teléfonos
1,Carlos,Garcia,Calle Mayor, 12,28001,carlos.garcia@gmail.com,612345678
2,Laura,Martinez,Calle Gran Via, 34,28006,laura.martinez@gmail.com,623456789
3,Pedro,Fernandez,Calle del Carmen, 27,30204,pedro.fernandez@hotmail.com,634567890
4,Lorena,Lopez,Calle nueva, 1,28462,lorena.lopez@hotmail.com,645678901
5,Miguel,Sanchez,Avenida de la Paz, 5,41001,miguel.sanchez@yahoo.com,656789012
6,Sofia,Ruiz,Calle Serrano, 8,28013,sofia.ruiz@gmail.com,667890123
7,Andres,Torres,Calle Alcala, 45,28046,andres.torres@gmail.com,678901234
8,Maria,Diaz,Paseo de la Castellana, 3,30204,maria.diaz@hotmail.com,689012345
9,Pablo,Moreno,Calle Fuencarral, 22,28004,pablo.moreno@yahoo.com,690123456
10,Elena,Jimenez,Calle Goya, 17,28001,elena.jimenez@gmail.com,601234567
13,Alvaro Brasas,brasero,oslo,28922,abazrodriguezadawdwa,690313121
